sample_item_index,item_material,is_frozen,grill_type,thumbs_up_score,guess_grill_correct
1,Veggie Patty,FALSE,Propane,0,TRUE
1,Hotdog,FALSE,Propane,0.4,TRUE
1,Veggie Patty,FALSE,Propane,1.1,TRUE
1,Veggie Patty,FALSE,Charcoal,0.3,TRUE
1,Veggie Patty,FALSE,Propane,0.3,TRUE
1,Veggie Patty,FALSE,Propane,0.8,TRUE
1,Veggie Patty,FALSE,Charcoal,0.4,TRUE
1,Veggie Patty,FALSE,Charcoal,0.1,TRUE
1,Veggie Patty,FALSE,Charcoal,0.2,TRUE
1,Hotdog,FALSE,Propane,1,TRUE
1,Hotdog,FALSE,Propane,0.3,FALSE
1,Hotdog,FALSE,Propane,0.9,TRUE
1,Hotdog,FALSE,Charcoal,5.1,TRUE
1,Hotdog,FALSE,Charcoal,5.1,TRUE
1,Hotdog,FALSE,Charcoal,5.3,TRUE
1,Hotdog,FALSE,Charcoal,5.2,TRUE
1,Ground Beef Patty,FALSE,Propane,5.7,TRUE
1,Ground Beef Patty,FALSE,Propane,6,TRUE
1,Ground Beef Patty,FALSE,Propane,6.1,TRUE
1,Ground Beef Patty,FALSE,Charcoal,0.4,TRUE
1,Ground Beef Patty,FALSE,Charcoal,0,FALSE
1,Ground Beef Patty,FALSE,Charcoal,0.2,TRUE
1,Ground Beef Patty,FALSE,Propane,5.9,TRUE
1,Ground Beef Patty,FALSE,Charcoal,0.1,TRUE
2,Veggie Patty,TRUE,Propane,0.9,TRUE
2,Veggie Patty,TRUE,Propane,0.1,TRUE
2,Veggie Patty,TRUE,Charcoal,0.3,TRUE
2,Veggie Patty,TRUE,Propane,0.8,TRUE
2,Veggie Patty,TRUE,Propane,0.1,FALSE
2,Hotdog,TRUE,Propane,0.8,TRUE
2,Veggie Patty,TRUE,Charcoal,0.1,TRUE
2,Veggie Patty,TRUE,Charcoal,0.1,TRUE
2,Veggie Patty,TRUE,Charcoal,0.4,FALSE
2,Hotdog,TRUE,Propane,0.2,TRUE
2,Hotdog,TRUE,Propane,0.7,FALSE
2,Hotdog,TRUE,Propane,0.9,FALSE
2,Hotdog,TRUE,Charcoal,5.1,TRUE
2,Hotdog,TRUE,Charcoal,5,TRUE
2,Hotdog,TRUE,Charcoal,5,TRUE
2,Hotdog,TRUE,Charcoal,5.2,TRUE
2,Ground Beef Patty,TRUE,Propane,5.2,TRUE
2,Ground Beef Patty,TRUE,Propane,6,TRUE
2,Ground Beef Patty,TRUE,Propane,5.1,TRUE
2,Ground Beef Patty,TRUE,Charcoal,0,TRUE
2,Ground Beef Patty,TRUE,Charcoal,0.1,TRUE
2,Ground Beef Patty,TRUE,Charcoal,0.1,TRUE
2,Ground Beef Patty,TRUE,Propane,5,TRUE
2,Ground Beef Patty,TRUE,Charcoal,0.5,TRUE
3,Veggie Patty,FALSE,Propane,0.8,TRUE
3,Veggie Patty,FALSE,Propane,0.2,TRUE
3,Veggie Patty,FALSE,Charcoal,0.3,TRUE
3,Veggie Patty,FALSE,Propane,0.6,TRUE
3,Veggie Patty,FALSE,Propane,0.4,TRUE
3,Hotdog,FALSE,Propane,0.6,TRUE
3,Veggie Patty,FALSE,Charcoal,0.4,TRUE
3,Veggie Patty,FALSE,Charcoal,0,TRUE
3,Veggie Patty,FALSE,Charcoal,0.1,TRUE
3,Hotdog,FALSE,Propane,0.7,TRUE
3,Hotdog,FALSE,Propane,0.4,TRUE
3,Hotdog,FALSE,Propane,0,TRUE
3,Hotdog,FALSE,Charcoal,5,TRUE
3,Hotdog,FALSE,Charcoal,5,TRUE
3,Hotdog,FALSE,Charcoal,5.2,TRUE
3,Hotdog,FALSE,Charcoal,5.1,FALSE
3,Ground Beef Patty,FALSE,Propane,5.6,TRUE
3,Ground Beef Patty,FALSE,Propane,5.2,TRUE
3,Ground Beef Patty,FALSE,Propane,6.2,TRUE
3,Ground Beef Patty,FALSE,Charcoal,0.1,TRUE
3,Ground Beef Patty,FALSE,Charcoal,0.1,TRUE
3,Ground Beef Patty,FALSE,Charcoal,0.2,FALSE
3,Ground Beef Patty,FALSE,Propane,5.1,TRUE
3,Ground Beef Patty,FALSE,Charcoal,0.5,TRUE
4,Veggie Patty,TRUE,Propane,0.8,TRUE
4,Veggie Patty,TRUE,Propane,0,TRUE
4,Veggie Patty,TRUE,Propane,1.1,TRUE
4,Veggie Patty,TRUE,Charcoal,0.3,TRUE
4,Veggie Patty,TRUE,Propane,0.7,TRUE
4,Veggie Patty,TRUE,Charcoal,0,TRUE
4,Veggie Patty,TRUE,Charcoal,0,TRUE
4,Veggie Patty,TRUE,Charcoal,0,FALSE
4,Hotdog,TRUE,Propane,0,FALSE
4,Hotdog,TRUE,Propane,0.5,TRUE
4,Hotdog,TRUE,Propane,0.1,FALSE
4,Hotdog,TRUE,Propane,0.3,TRUE
4,Hotdog,TRUE,Charcoal,5.3,TRUE
4,Hotdog,TRUE,Charcoal,5.3,TRUE
4,Hotdog,TRUE,Charcoal,5.4,TRUE
4,Hotdog,TRUE,Charcoal,5,TRUE
4,Ground Beef Patty,TRUE,Propane,5.9,TRUE
4,Ground Beef Patty,TRUE,Propane,5.4,TRUE
4,Ground Beef Patty,TRUE,Charcoal,0.3,TRUE
4,Ground Beef Patty,TRUE,Charcoal,0,TRUE
4,Ground Beef Patty,TRUE,Charcoal,0.1,TRUE
4,Ground Beef Patty,TRUE,Propane,5.4,TRUE
4,Ground Beef Patty,TRUE,Propane,5.7,TRUE
4,Ground Beef Patty,TRUE,Charcoal,0.4,TRUE
5,Veggie Patty,FALSE,Propane,1.1,TRUE
5,Veggie Patty,FALSE,Propane,0.5,TRUE
5,Veggie Patty,FALSE,Propane,1.2,TRUE
5,Veggie Patty,FALSE,Charcoal,0,TRUE
5,Veggie Patty,FALSE,Propane,0.4,TRUE
5,Veggie Patty,FALSE,Charcoal,0.2,TRUE
5,Veggie Patty,FALSE,Charcoal,0,FALSE
5,Veggie Patty,FALSE,Charcoal,0.4,TRUE
5,Hotdog,FALSE,Propane,0.2,FALSE
5,Hotdog,FALSE,Propane,0.8,TRUE
5,Hotdog,FALSE,Propane,0.1,TRUE
5,Hotdog,FALSE,Propane,0.2,TRUE
5,Hotdog,FALSE,Charcoal,5.1,FALSE
5,Hotdog,FALSE,Charcoal,5.3,TRUE
5,Hotdog,FALSE,Charcoal,5.5,TRUE
5,Hotdog,FALSE,Charcoal,5.2,FALSE
5,Ground Beef Patty,FALSE,Propane,5,TRUE
5,Ground Beef Patty,FALSE,Propane,5.3,TRUE
5,Ground Beef Patty,FALSE,Charcoal,0.4,TRUE
5,Ground Beef Patty,FALSE,Charcoal,0.1,FALSE
5,Ground Beef Patty,FALSE,Charcoal,0,TRUE
5,Ground Beef Patty,FALSE,Propane,5.1,TRUE
5,Ground Beef Patty,FALSE,Propane,5.4,TRUE
5,Ground Beef Patty,FALSE,Charcoal,0.2,TRUE
6,Veggie Patty,TRUE,Propane,1.2,TRUE
6,Veggie Patty,TRUE,Propane,0.4,TRUE
6,Veggie Patty,TRUE,Propane,0.7,TRUE
6,Veggie Patty,TRUE,Charcoal,0,TRUE
6,Veggie Patty,TRUE,Propane,0.7,TRUE
6,Veggie Patty,TRUE,Charcoal,0.1,TRUE
6,Veggie Patty,TRUE,Charcoal,0,TRUE
6,Veggie Patty,TRUE,Charcoal,0,TRUE
6,Hotdog,TRUE,Propane,0.4,TRUE
6,Hotdog,TRUE,Propane,0.4,TRUE
6,Hotdog,TRUE,Propane,0.1,FALSE
6,Hotdog,TRUE,Propane,0.3,TRUE
6,Hotdog,TRUE,Charcoal,5.2,TRUE
6,Hotdog,TRUE,Charcoal,5,TRUE
6,Hotdog,TRUE,Charcoal,5.4,TRUE
6,Hotdog,TRUE,Charcoal,5.2,TRUE
6,Ground Beef Patty,TRUE,Propane,5.9,TRUE
6,Ground Beef Patty,TRUE,Propane,5.6,TRUE
6,Ground Beef Patty,TRUE,Charcoal,0.1,FALSE
6,Ground Beef Patty,TRUE,Charcoal,0.1,FALSE
6,Ground Beef Patty,TRUE,Charcoal,0,TRUE
6,Ground Beef Patty,TRUE,Propane,6,TRUE
6,Ground Beef Patty,TRUE,Propane,5,TRUE
6,Ground Beef Patty,TRUE,Charcoal,0.1,TRUE
7,Veggie Patty,FALSE,Propane,0.6,TRUE
7,Veggie Patty,FALSE,Propane,0.2,FALSE
7,Veggie Patty,FALSE,Propane,0.5,FALSE
7,Veggie Patty,FALSE,Charcoal,0.2,TRUE
7,Veggie Patty,FALSE,Propane,0.7,TRUE
7,Veggie Patty,FALSE,Charcoal,0,TRUE
7,Veggie Patty,FALSE,Charcoal,0,TRUE
7,Veggie Patty,FALSE,Charcoal,0.5,TRUE
7,Hotdog,FALSE,Propane,0.3,TRUE
7,Hotdog,FALSE,Propane,0.2,TRUE
7,Hotdog,FALSE,Propane,0.6,TRUE
7,Hotdog,FALSE,Propane,0.2,TRUE
7,Hotdog,FALSE,Charcoal,5.4,TRUE
7,Hotdog,FALSE,Charcoal,5.2,TRUE
7,Hotdog,FALSE,Charcoal,5.1,TRUE
7,Hotdog,FALSE,Charcoal,5,FALSE
7,Ground Beef Patty,FALSE,Propane,5.5,TRUE
7,Ground Beef Patty,FALSE,Propane,6.1,TRUE
7,Ground Beef Patty,FALSE,Charcoal,0.2,TRUE
7,Ground Beef Patty,FALSE,Charcoal,0.1,TRUE
7,Ground Beef Patty,FALSE,Charcoal,0.3,TRUE
7,Ground Beef Patty,FALSE,Propane,5.2,TRUE
7,Ground Beef Patty,FALSE,Propane,5,TRUE
7,Ground Beef Patty,FALSE,Charcoal,0.3,TRUE
8,Veggie Patty,TRUE,Propane,1,TRUE
8,Veggie Patty,TRUE,Propane,0.1,TRUE
8,Veggie Patty,TRUE,Propane,0,TRUE
8,Veggie Patty,TRUE,Propane,0.1,TRUE
8,Veggie Patty,TRUE,Charcoal,0.1,TRUE
8,Veggie Patty,TRUE,Charcoal,0,TRUE
8,Veggie Patty,TRUE,Charcoal,0,TRUE
8,Veggie Patty,TRUE,Charcoal,0.4,TRUE
8,Hotdog,TRUE,Propane,0.8,TRUE
8,Hotdog,TRUE,Propane,0.3,TRUE
8,Hotdog,TRUE,Propane,0.8,FALSE
8,Hotdog,TRUE,Propane,0.9,TRUE
8,Hotdog,TRUE,Charcoal,5.2,TRUE
8,Hotdog,TRUE,Charcoal,5.1,TRUE
8,Hotdog,TRUE,Charcoal,5,TRUE
8,Hotdog,TRUE,Charcoal,5.2,TRUE
8,Ground Beef Patty,TRUE,Propane,5.9,TRUE
8,Ground Beef Patty,TRUE,Propane,5.8,TRUE
8,Ground Beef Patty,TRUE,Charcoal,0,TRUE
8,Ground Beef Patty,TRUE,Charcoal,0.4,TRUE
8,Ground Beef Patty,TRUE,Charcoal,0,TRUE
8,Ground Beef Patty,TRUE,Charcoal,0.3,TRUE
8,Ground Beef Patty,TRUE,Propane,5.8,TRUE
8,Ground Beef Patty,TRUE,Propane,6,TRUE
9,Veggie Patty,FALSE,Propane,0.1,TRUE
9,Veggie Patty,FALSE,Propane,0.7,TRUE
9,Veggie Patty,FALSE,Propane,1.1,TRUE
9,Veggie Patty,FALSE,Propane,0,TRUE
9,Veggie Patty,FALSE,Charcoal,0,TRUE
9,Veggie Patty,FALSE,Charcoal,0,TRUE
9,Veggie Patty,FALSE,Charcoal,0,TRUE
9,Veggie Patty,FALSE,Charcoal,0,TRUE
9,Hotdog,FALSE,Propane,0.7,FALSE
9,Hotdog,FALSE,Propane,0.2,TRUE
9,Hotdog,FALSE,Propane,1.1,TRUE
9,Hotdog,FALSE,Propane,0.7,TRUE
9,Hotdog,FALSE,Charcoal,5.1,TRUE
9,Hotdog,FALSE,Charcoal,5.2,TRUE
9,Hotdog,FALSE,Charcoal,5.2,TRUE
9,Hotdog,FALSE,Charcoal,5.2,TRUE
9,Ground Beef Patty,FALSE,Propane,5.8,TRUE
9,Ground Beef Patty,FALSE,Propane,5.3,TRUE
9,Ground Beef Patty,FALSE,Charcoal,0,TRUE
9,Ground Beef Patty,FALSE,Charcoal,0.4,TRUE
9,Ground Beef Patty,FALSE,Charcoal,0.1,FALSE
9,Ground Beef Patty,FALSE,Charcoal,0,TRUE
9,Ground Beef Patty,FALSE,Propane,6,TRUE
9,Ground Beef Patty,FALSE,Propane,5.3,TRUE
10,Veggie Patty,TRUE,Propane,1.1,TRUE
10,Veggie Patty,TRUE,Propane,0.7,FALSE
10,Veggie Patty,TRUE,Propane,0.1,TRUE
10,Veggie Patty,TRUE,Propane,0.2,FALSE
10,Veggie Patty,TRUE,Charcoal,0,TRUE
10,Veggie Patty,TRUE,Charcoal,0.4,FALSE
10,Veggie Patty,TRUE,Charcoal,0.1,TRUE
10,Veggie Patty,TRUE,Charcoal,0.5,TRUE
10,Hotdog,TRUE,Propane,1,TRUE
10,Hotdog,TRUE,Propane,0.9,TRUE
10,Hotdog,TRUE,Propane,0.8,FALSE
10,Hotdog,TRUE,Propane,0,TRUE
10,Hotdog,TRUE,Charcoal,5.4,TRUE
10,Hotdog,TRUE,Charcoal,5.2,TRUE
10,Hotdog,TRUE,Charcoal,5.5,TRUE
10,Hotdog,TRUE,Charcoal,5.2,TRUE
10,Ground Beef Patty,TRUE,Propane,5.2,TRUE
10,Ground Beef Patty,TRUE,Propane,5.2,TRUE
10,Ground Beef Patty,TRUE,Charcoal,0.5,TRUE
10,Ground Beef Patty,TRUE,Charcoal,0,TRUE
10,Ground Beef Patty,TRUE,Charcoal,0.1,TRUE
10,Ground Beef Patty,TRUE,Charcoal,0.2,TRUE
10,Ground Beef Patty,TRUE,Propane,5.1,TRUE
10,Ground Beef Patty,TRUE,Propane,5.3,TRUE
11,Veggie Patty,FALSE,Propane,0.2,TRUE
11,Veggie Patty,FALSE,Propane,0.7,TRUE
11,Veggie Patty,FALSE,Propane,0.7,FALSE
11,Veggie Patty,FALSE,Propane,0.2,TRUE
11,Veggie Patty,FALSE,Charcoal,0.1,TRUE
11,Veggie Patty,FALSE,Charcoal,0,TRUE
11,Veggie Patty,FALSE,Charcoal,0,TRUE
11,Veggie Patty,FALSE,Charcoal,0,TRUE
11,Hotdog,FALSE,Propane,1.1,TRUE
11,Hotdog,FALSE,Propane,0.9,TRUE
11,Hotdog,FALSE,Propane,0.5,TRUE
11,Hotdog,FALSE,Propane,0,TRUE
11,Hotdog,FALSE,Charcoal,5.2,TRUE
11,Hotdog,FALSE,Charcoal,5.3,TRUE
11,Hotdog,FALSE,Charcoal,5.3,TRUE
11,Hotdog,FALSE,Charcoal,5,TRUE
11,Ground Beef Patty,FALSE,Propane,5.1,TRUE
11,Ground Beef Patty,FALSE,Propane,6,TRUE
11,Ground Beef Patty,FALSE,Charcoal,0.3,TRUE
11,Ground Beef Patty,FALSE,Charcoal,0.2,TRUE
11,Ground Beef Patty,FALSE,Charcoal,0,TRUE
11,Ground Beef Patty,FALSE,Charcoal,0.3,TRUE
11,Ground Beef Patty,FALSE,Propane,6.1,TRUE
11,Ground Beef Patty,FALSE,Propane,5.3,TRUE
12,Veggie Patty,TRUE,Propane,1.1,TRUE
12,Veggie Patty,TRUE,Propane,0.2,TRUE
12,Veggie Patty,TRUE,Propane,0.4,TRUE
12,Veggie Patty,TRUE,Propane,0.8,TRUE
12,Veggie Patty,TRUE,Charcoal,0.4,TRUE
12,Veggie Patty,TRUE,Charcoal,0,FALSE
12,Veggie Patty,TRUE,Charcoal,0,FALSE
12,Veggie Patty,TRUE,Charcoal,0.5,FALSE
12,Hotdog,TRUE,Propane,0.7,TRUE
12,Hotdog,TRUE,Propane,0.9,TRUE
12,Hotdog,TRUE,Propane,0.7,TRUE
12,Hotdog,TRUE,Propane,0.4,TRUE
12,Hotdog,TRUE,Charcoal,5.2,TRUE
12,Hotdog,TRUE,Charcoal,5.3,TRUE
12,Hotdog,TRUE,Charcoal,5.6,TRUE
12,Hotdog,TRUE,Charcoal,5.1,TRUE
12,Ground Beef Patty,TRUE,Propane,5.7,TRUE
12,Ground Beef Patty,TRUE,Propane,6.2,TRUE
12,Ground Beef Patty,TRUE,Charcoal,0.2,FALSE
12,Ground Beef Patty,TRUE,Charcoal,0.1,TRUE
12,Ground Beef Patty,TRUE,Charcoal,0,TRUE
12,Ground Beef Patty,TRUE,Charcoal,0.2,TRUE
12,Ground Beef Patty,TRUE,Propane,5.4,TRUE
12,Ground Beef Patty,TRUE,Propane,5.1,TRUE
13,Veggie Patty,FALSE,Propane,0.9,TRUE
13,Veggie Patty,FALSE,Propane,0.6,TRUE
13,Veggie Patty,FALSE,Propane,0.1,TRUE
13,Veggie Patty,FALSE,Propane,0.5,TRUE
13,Veggie Patty,FALSE,Charcoal,0,FALSE
13,Veggie Patty,FALSE,Charcoal,0.1,FALSE
13,Veggie Patty,FALSE,Charcoal,0,TRUE
13,Veggie Patty,FALSE,Charcoal,0.2,TRUE
13,Hotdog,FALSE,Propane,1.1,TRUE
13,Hotdog,FALSE,Propane,0.6,TRUE
13,Hotdog,FALSE,Propane,0.3,TRUE
13,Hotdog,FALSE,Propane,0.6,TRUE
13,Hotdog,FALSE,Charcoal,5.2,TRUE
13,Hotdog,FALSE,Charcoal,5.2,TRUE
13,Hotdog,FALSE,Charcoal,5.4,TRUE
13,Hotdog,FALSE,Charcoal,5.1,TRUE
13,Ground Beef Patty,FALSE,Propane,5.8,FALSE
13,Ground Beef Patty,FALSE,Propane,5.2,TRUE
13,Ground Beef Patty,FALSE,Charcoal,0.3,TRUE
13,Ground Beef Patty,FALSE,Charcoal,0.2,TRUE
13,Ground Beef Patty,FALSE,Charcoal,0.1,TRUE
13,Ground Beef Patty,FALSE,Charcoal,0,TRUE
13,Ground Beef Patty,FALSE,Propane,5.3,TRUE
13,Ground Beef Patty,FALSE,Propane,5.8,TRUE
14,Veggie Patty,TRUE,Propane,0.4,TRUE
14,Veggie Patty,TRUE,Propane,0.6,TRUE
14,Veggie Patty,TRUE,Propane,0.1,FALSE
14,Veggie Patty,TRUE,Propane,0.4,TRUE
14,Veggie Patty,TRUE,Charcoal,0.3,TRUE
14,Veggie Patty,TRUE,Charcoal,0,TRUE
14,Veggie Patty,TRUE,Charcoal,0,TRUE
14,Veggie Patty,TRUE,Charcoal,0.5,FALSE
14,Hotdog,TRUE,Propane,1.1,TRUE
14,Hotdog,TRUE,Propane,0.6,TRUE
14,Hotdog,TRUE,Propane,0,TRUE
14,Hotdog,TRUE,Propane,0.9,TRUE
14,Hotdog,TRUE,Charcoal,5.1,TRUE
14,Hotdog,TRUE,Charcoal,5.2,TRUE
14,Hotdog,TRUE,Charcoal,5.1,TRUE
14,Hotdog,TRUE,Charcoal,5.1,TRUE
14,Ground Beef Patty,TRUE,Propane,5.1,TRUE
14,Ground Beef Patty,TRUE,Propane,5.6,TRUE
14,Ground Beef Patty,TRUE,Charcoal,0.3,TRUE
14,Ground Beef Patty,TRUE,Charcoal,0.2,TRUE
14,Ground Beef Patty,TRUE,Charcoal,0.1,TRUE
14,Ground Beef Patty,TRUE,Charcoal,0.1,TRUE
14,Ground Beef Patty,TRUE,Propane,5.3,TRUE
14,Ground Beef Patty,TRUE,Propane,5.2,TRUE
15,Veggie Patty,FALSE,Propane,0.2,TRUE
15,Veggie Patty,FALSE,Propane,0.1,TRUE
15,Veggie Patty,FALSE,Propane,0.3,TRUE
15,Veggie Patty,FALSE,Propane,0.3,TRUE
15,Veggie Patty,FALSE,Charcoal,0.1,TRUE
15,Veggie Patty,FALSE,Charcoal,0,TRUE
15,Veggie Patty,FALSE,Charcoal,0,TRUE
15,Veggie Patty,FALSE,Charcoal,0.6,TRUE
15,Hotdog,FALSE,Propane,0.4,TRUE
15,Hotdog,FALSE,Propane,0.4,TRUE
15,Hotdog,FALSE,Propane,0.9,TRUE
15,Hotdog,FALSE,Propane,0.1,TRUE
15,Hotdog,FALSE,Charcoal,5.2,TRUE
15,Hotdog,FALSE,Charcoal,5,TRUE
15,Hotdog,FALSE,Charcoal,5.3,TRUE
15,Hotdog,FALSE,Charcoal,5.2,TRUE
15,Ground Beef Patty,FALSE,Propane,5.2,TRUE
15,Ground Beef Patty,FALSE,Propane,6.1,TRUE
15,Ground Beef Patty,FALSE,Charcoal,0.3,TRUE
15,Ground Beef Patty,FALSE,Charcoal,0.4,TRUE
15,Ground Beef Patty,FALSE,Charcoal,0,TRUE
15,Ground Beef Patty,FALSE,Charcoal,0,TRUE
15,Ground Beef Patty,FALSE,Propane,5.7,TRUE
15,Ground Beef Patty,FALSE,Propane,5.7,TRUE
16,Veggie Patty,TRUE,Propane,0.7,TRUE
16,Veggie Patty,TRUE,Propane,1,TRUE
16,Veggie Patty,TRUE,Propane,0.4,TRUE
16,Veggie Patty,TRUE,Propane,1,TRUE
16,Veggie Patty,TRUE,Charcoal,0.3,TRUE
16,Veggie Patty,TRUE,Charcoal,0.1,TRUE
16,Veggie Patty,TRUE,Charcoal,0,TRUE
16,Veggie Patty,TRUE,Charcoal,0.2,TRUE
16,Hotdog,TRUE,Propane,0.4,TRUE
16,Hotdog,TRUE,Propane,0.5,TRUE
16,Hotdog,TRUE,Propane,0.3,TRUE
16,Hotdog,TRUE,Propane,0.3,TRUE
16,Hotdog,TRUE,Charcoal,5.1,TRUE
16,Hotdog,TRUE,Charcoal,5.3,TRUE
16,Hotdog,TRUE,Charcoal,5.6,TRUE
16,Hotdog,TRUE,Charcoal,5.1,TRUE
16,Ground Beef Patty,TRUE,Propane,5.6,TRUE
16,Ground Beef Patty,TRUE,Propane,5.3,TRUE
16,Ground Beef Patty,TRUE,Charcoal,0.2,TRUE
16,Ground Beef Patty,TRUE,Charcoal,0.2,FALSE
16,Ground Beef Patty,TRUE,Charcoal,0,TRUE
16,Ground Beef Patty,TRUE,Charcoal,0.1,TRUE
16,Ground Beef Patty,TRUE,Propane,6.1,TRUE
16,Ground Beef Patty,TRUE,Propane,5,TRUE
17,Veggie Patty,FALSE,Propane,0.2,TRUE
17,Veggie Patty,FALSE,Propane,0.4,TRUE
17,Veggie Patty,FALSE,Propane,0.5,TRUE
17,Veggie Patty,FALSE,Propane,0.6,TRUE
17,Veggie Patty,FALSE,Charcoal,0.2,TRUE
17,Veggie Patty,FALSE,Charcoal,0.4,TRUE
17,Veggie Patty,FALSE,Charcoal,0.1,TRUE
17,Veggie Patty,FALSE,Charcoal,0.3,TRUE
17,Hotdog,FALSE,Propane,0.9,TRUE
17,Hotdog,FALSE,Propane,0.5,FALSE
17,Hotdog,FALSE,Propane,0.4,TRUE
17,Hotdog,FALSE,Propane,1,TRUE
17,Hotdog,FALSE,Charcoal,5.3,TRUE
17,Hotdog,FALSE,Charcoal,5.3,TRUE
17,Hotdog,FALSE,Charcoal,5.5,TRUE
17,Hotdog,FALSE,Charcoal,5.2,TRUE
17,Ground Beef Patty,FALSE,Propane,5.6,TRUE
17,Ground Beef Patty,FALSE,Propane,5,TRUE
17,Ground Beef Patty,FALSE,Charcoal,0.2,TRUE
17,Ground Beef Patty,FALSE,Charcoal,0.3,TRUE
17,Ground Beef Patty,FALSE,Charcoal,0,FALSE
17,Ground Beef Patty,FALSE,Charcoal,0.2,FALSE
17,Ground Beef Patty,FALSE,Propane,5.9,TRUE
17,Ground Beef Patty,FALSE,Propane,5.3,TRUE
18,Veggie Patty,TRUE,Propane,0.7,TRUE
18,Veggie Patty,TRUE,Propane,0.1,TRUE
18,Veggie Patty,TRUE,Propane,0.4,TRUE
18,Veggie Patty,TRUE,Propane,0.6,TRUE
18,Veggie Patty,TRUE,Charcoal,0.1,TRUE
18,Veggie Patty,TRUE,Charcoal,0.3,TRUE
18,Veggie Patty,TRUE,Charcoal,0,TRUE
18,Veggie Patty,TRUE,Charcoal,0.4,TRUE
18,Hotdog,TRUE,Propane,1.1,TRUE
18,Hotdog,TRUE,Propane,0.1,TRUE
18,Hotdog,TRUE,Propane,0.8,TRUE
18,Hotdog,TRUE,Propane,0.3,TRUE
18,Hotdog,TRUE,Charcoal,5.2,TRUE
18,Hotdog,TRUE,Charcoal,5.1,TRUE
18,Hotdog,TRUE,Charcoal,5,TRUE
18,Hotdog,TRUE,Charcoal,5.2,TRUE
18,Ground Beef Patty,TRUE,Propane,5.9,TRUE
18,Ground Beef Patty,TRUE,Propane,6.1,TRUE
18,Ground Beef Patty,TRUE,Charcoal,0.3,TRUE
18,Ground Beef Patty,TRUE,Charcoal,0,TRUE
18,Ground Beef Patty,TRUE,Charcoal,0.1,TRUE
18,Ground Beef Patty,TRUE,Charcoal,0.1,TRUE
18,Ground Beef Patty,TRUE,Propane,6.1,TRUE
18,Ground Beef Patty,TRUE,Propane,5.2,TRUE
19,Veggie Patty,FALSE,Propane,0.3,FALSE
19,Veggie Patty,FALSE,Propane,0.2,TRUE
19,Veggie Patty,FALSE,Propane,0.6,TRUE
19,Veggie Patty,FALSE,Propane,0.2,TRUE
19,Veggie Patty,FALSE,Charcoal,0.3,TRUE
19,Veggie Patty,FALSE,Charcoal,0.4,TRUE
19,Veggie Patty,FALSE,Charcoal,0.1,TRUE
19,Veggie Patty,FALSE,Charcoal,0.2,TRUE
19,Hotdog,FALSE,Propane,0.2,TRUE
19,Hotdog,FALSE,Propane,0.9,TRUE
19,Hotdog,FALSE,Propane,0.5,FALSE
19,Hotdog,FALSE,Propane,0.3,TRUE
19,Hotdog,FALSE,Charcoal,5.2,TRUE
19,Hotdog,FALSE,Charcoal,5.1,TRUE
19,Hotdog,FALSE,Charcoal,5.6,TRUE
19,Hotdog,FALSE,Charcoal,5.2,TRUE
19,Ground Beef Patty,FALSE,Propane,6,TRUE
19,Ground Beef Patty,FALSE,Propane,6,TRUE
19,Ground Beef Patty,FALSE,Charcoal,0.5,TRUE
19,Ground Beef Patty,FALSE,Charcoal,0.4,TRUE
19,Ground Beef Patty,FALSE,Charcoal,0.1,TRUE
19,Ground Beef Patty,FALSE,Charcoal,0.3,TRUE
19,Ground Beef Patty,FALSE,Propane,5.4,TRUE
19,Ground Beef Patty,FALSE,Propane,5.7,TRUE
20,Veggie Patty,TRUE,Propane,0.7,FALSE
20,Veggie Patty,TRUE,Propane,0.8,TRUE
20,Veggie Patty,TRUE,Propane,0.1,TRUE
20,Veggie Patty,TRUE,Propane,0.6,TRUE
20,Veggie Patty,TRUE,Charcoal,0.4,TRUE
20,Veggie Patty,TRUE,Charcoal,0.3,TRUE
20,Veggie Patty,TRUE,Charcoal,0.1,TRUE
20,Veggie Patty,TRUE,Charcoal,0.4,TRUE
20,Hotdog,TRUE,Propane,0.3,TRUE
20,Hotdog,TRUE,Propane,0.6,TRUE
20,Hotdog,TRUE,Propane,0.4,TRUE
20,Hotdog,TRUE,Propane,0,TRUE
20,Hotdog,TRUE,Charcoal,5.3,TRUE
20,Hotdog,TRUE,Charcoal,5.2,TRUE
20,Hotdog,TRUE,Charcoal,5.2,TRUE
20,Hotdog,TRUE,Charcoal,5,TRUE
20,Ground Beef Patty,TRUE,Propane,5.9,TRUE
20,Ground Beef Patty,TRUE,Propane,5.5,TRUE
20,Ground Beef Patty,TRUE,Charcoal,0.3,FALSE
20,Ground Beef Patty,TRUE,Charcoal,0.2,FALSE
20,Ground Beef Patty,TRUE,Charcoal,0.1,TRUE
20,Ground Beef Patty,TRUE,Charcoal,0,TRUE
20,Ground Beef Patty,TRUE,Propane,6.3,TRUE
20,Ground Beef Patty,TRUE,Propane,6,TRUE
21,Veggie Patty,FALSE,Propane,0.7,TRUE
21,Veggie Patty,FALSE,Propane,0.6,TRUE
21,Veggie Patty,FALSE,Propane,0,TRUE
21,Veggie Patty,FALSE,Propane,0.9,TRUE
21,Veggie Patty,FALSE,Charcoal,0.3,FALSE
21,Veggie Patty,FALSE,Charcoal,0,TRUE
21,Veggie Patty,FALSE,Charcoal,0,TRUE
21,Veggie Patty,FALSE,Charcoal,0.1,TRUE
21,Hotdog,FALSE,Propane,0.7,TRUE
21,Hotdog,FALSE,Propane,0.2,TRUE
21,Hotdog,FALSE,Propane,0.8,TRUE
21,Hotdog,FALSE,Propane,0.1,TRUE
21,Hotdog,FALSE,Charcoal,5.2,TRUE
21,Hotdog,FALSE,Charcoal,5.2,TRUE
21,Hotdog,FALSE,Charcoal,5,FALSE
21,Hotdog,FALSE,Charcoal,5.1,TRUE
21,Ground Beef Patty,FALSE,Propane,6,TRUE
21,Ground Beef Patty,FALSE,Propane,5.5,TRUE
21,Ground Beef Patty,FALSE,Charcoal,0.3,TRUE
21,Ground Beef Patty,FALSE,Charcoal,0.2,FALSE
21,Ground Beef Patty,FALSE,Charcoal,0,TRUE
21,Ground Beef Patty,FALSE,Charcoal,0.1,TRUE
21,Ground Beef Patty,FALSE,Propane,6,TRUE
21,Ground Beef Patty,FALSE,Propane,5.5,TRUE
22,Veggie Patty,TRUE,Propane,0,FALSE
22,Veggie Patty,TRUE,Propane,1.2,TRUE
22,Veggie Patty,TRUE,Propane,0.2,TRUE
22,Veggie Patty,TRUE,Propane,0,TRUE
22,Veggie Patty,TRUE,Charcoal,0.4,TRUE
22,Veggie Patty,TRUE,Charcoal,0.1,TRUE
22,Veggie Patty,TRUE,Charcoal,0.1,TRUE
22,Veggie Patty,TRUE,Charcoal,0.2,TRUE
22,Hotdog,TRUE,Propane,0.1,FALSE
22,Hotdog,TRUE,Propane,0.7,TRUE
22,Hotdog,TRUE,Propane,1.2,TRUE
22,Hotdog,TRUE,Propane,0,FALSE
22,Hotdog,TRUE,Charcoal,5.3,TRUE
22,Hotdog,TRUE,Charcoal,5,TRUE
22,Hotdog,TRUE,Charcoal,5.3,TRUE
22,Hotdog,TRUE,Charcoal,5,TRUE
22,Ground Beef Patty,TRUE,Propane,5.8,TRUE
22,Ground Beef Patty,TRUE,Propane,5,TRUE
22,Ground Beef Patty,TRUE,Charcoal,0.2,TRUE
22,Ground Beef Patty,TRUE,Charcoal,0.3,TRUE
22,Ground Beef Patty,TRUE,Charcoal,0,TRUE
22,Ground Beef Patty,TRUE,Charcoal,0.1,TRUE
22,Ground Beef Patty,TRUE,Propane,5.6,TRUE
22,Ground Beef Patty,TRUE,Propane,5.6,TRUE
23,Veggie Patty,FALSE,Propane,0.1,TRUE
23,Veggie Patty,FALSE,Propane,1.1,TRUE
23,Veggie Patty,FALSE,Propane,0.2,TRUE
23,Veggie Patty,FALSE,Propane,1.2,TRUE
23,Veggie Patty,FALSE,Charcoal,0.3,TRUE
23,Veggie Patty,FALSE,Charcoal,0,TRUE
23,Veggie Patty,FALSE,Charcoal,0.1,TRUE
23,Veggie Patty,FALSE,Charcoal,0.2,TRUE
23,Hotdog,FALSE,Propane,1,TRUE
23,Hotdog,FALSE,Propane,0.6,TRUE
23,Hotdog,FALSE,Propane,1.1,TRUE
23,Hotdog,FALSE,Propane,0.3,TRUE
23,Hotdog,FALSE,Charcoal,5,TRUE
23,Hotdog,FALSE,Charcoal,5.1,TRUE
23,Hotdog,FALSE,Charcoal,5.6,TRUE
23,Hotdog,FALSE,Charcoal,5.1,TRUE
23,Ground Beef Patty,FALSE,Propane,6,TRUE
23,Ground Beef Patty,FALSE,Propane,6.1,TRUE
23,Ground Beef Patty,FALSE,Charcoal,0.4,TRUE
23,Ground Beef Patty,FALSE,Charcoal,0.3,TRUE
23,Ground Beef Patty,FALSE,Charcoal,0,TRUE
23,Ground Beef Patty,FALSE,Charcoal,0,TRUE
23,Ground Beef Patty,FALSE,Propane,5.5,TRUE
23,Ground Beef Patty,FALSE,Propane,5.3,TRUE
24,Veggie Patty,TRUE,Propane,0.2,TRUE
24,Veggie Patty,TRUE,Propane,1.3,FALSE
24,Veggie Patty,TRUE,Propane,1,TRUE
24,Veggie Patty,TRUE,Propane,0.7,TRUE
24,Veggie Patty,TRUE,Charcoal,0.1,TRUE
24,Veggie Patty,TRUE,Charcoal,0.1,TRUE
24,Veggie Patty,TRUE,Charcoal,0,TRUE
24,Veggie Patty,TRUE,Charcoal,0.2,TRUE
24,Hotdog,TRUE,Propane,0.7,FALSE
24,Hotdog,TRUE,Propane,1,TRUE
24,Hotdog,TRUE,Propane,1.2,TRUE
24,Hotdog,TRUE,Propane,1,TRUE
24,Hotdog,TRUE,Charcoal,5.4,TRUE
24,Hotdog,TRUE,Charcoal,5.1,TRUE
24,Hotdog,TRUE,Charcoal,5.1,TRUE
24,Hotdog,TRUE,Charcoal,5.2,TRUE
24,Ground Beef Patty,TRUE,Propane,6.1,TRUE
24,Ground Beef Patty,TRUE,Propane,5.5,FALSE
24,Ground Beef Patty,TRUE,Charcoal,0.4,TRUE
24,Ground Beef Patty,TRUE,Charcoal,0.4,TRUE
24,Ground Beef Patty,TRUE,Charcoal,0,FALSE
24,Ground Beef Patty,TRUE,Charcoal,0.2,TRUE
24,Ground Beef Patty,TRUE,Propane,6.3,TRUE
24,Ground Beef Patty,TRUE,Propane,5.6,TRUE
25,Veggie Patty,FALSE,Propane,0.5,TRUE
25,Veggie Patty,FALSE,Propane,0.4,TRUE
25,Veggie Patty,FALSE,Propane,0.3,FALSE
25,Veggie Patty,FALSE,Propane,1,TRUE
25,Veggie Patty,FALSE,Charcoal,0,TRUE
25,Veggie Patty,FALSE,Charcoal,0.3,TRUE
25,Veggie Patty,FALSE,Charcoal,0,TRUE
25,Veggie Patty,FALSE,Charcoal,0.6,TRUE
25,Hotdog,FALSE,Propane,0.9,TRUE
25,Hotdog,FALSE,Propane,0.9,FALSE
25,Hotdog,FALSE,Propane,0.9,TRUE
25,Hotdog,FALSE,Propane,0.2,TRUE
25,Hotdog,FALSE,Charcoal,5.1,TRUE
25,Hotdog,FALSE,Charcoal,5.2,TRUE
25,Hotdog,FALSE,Charcoal,5.2,TRUE
25,Hotdog,FALSE,Charcoal,5,TRUE
25,Ground Beef Patty,FALSE,Propane,5.5,TRUE
25,Ground Beef Patty,FALSE,Propane,5.5,TRUE
25,Ground Beef Patty,FALSE,Charcoal,0.2,TRUE
25,Ground Beef Patty,FALSE,Charcoal,0.4,TRUE
25,Ground Beef Patty,FALSE,Charcoal,0,FALSE
25,Ground Beef Patty,FALSE,Charcoal,0.3,TRUE
25,Ground Beef Patty,FALSE,Propane,5,FALSE
25,Ground Beef Patty,FALSE,Propane,5.2,TRUE
26,Veggie Patty,TRUE,Propane,0.3,TRUE
26,Veggie Patty,TRUE,Propane,0.9,TRUE
26,Veggie Patty,TRUE,Propane,0.1,TRUE
26,Veggie Patty,TRUE,Propane,1,FALSE
26,Veggie Patty,TRUE,Charcoal,0,TRUE
26,Veggie Patty,TRUE,Charcoal,0,TRUE
26,Veggie Patty,TRUE,Charcoal,0.1,TRUE
26,Veggie Patty,TRUE,Charcoal,0.1,TRUE
26,Hotdog,TRUE,Propane,1,TRUE
26,Hotdog,TRUE,Propane,0.7,TRUE
26,Hotdog,TRUE,Propane,0.6,TRUE
26,Hotdog,TRUE,Propane,0.8,TRUE
26,Hotdog,TRUE,Charcoal,5.4,TRUE
26,Hotdog,TRUE,Charcoal,5,TRUE
26,Hotdog,TRUE,Charcoal,5.5,TRUE
26,Hotdog,TRUE,Charcoal,5,TRUE
26,Ground Beef Patty,TRUE,Propane,5.8,TRUE
26,Ground Beef Patty,TRUE,Propane,5.2,TRUE
26,Ground Beef Patty,TRUE,Charcoal,0.1,TRUE
26,Ground Beef Patty,TRUE,Charcoal,0.2,TRUE
26,Ground Beef Patty,TRUE,Charcoal,0.1,TRUE
26,Ground Beef Patty,TRUE,Charcoal,0.3,TRUE
26,Ground Beef Patty,TRUE,Propane,6.1,TRUE
26,Ground Beef Patty,TRUE,Propane,6.2,TRUE
27,Veggie Patty,FALSE,Propane,0.5,TRUE
27,Veggie Patty,FALSE,Propane,1,TRUE
27,Veggie Patty,FALSE,Propane,0.4,TRUE
27,Veggie Patty,FALSE,Propane,1.1,FALSE
27,Veggie Patty,FALSE,Charcoal,0,TRUE
27,Veggie Patty,FALSE,Charcoal,0.1,TRUE
27,Veggie Patty,FALSE,Charcoal,0,FALSE
27,Veggie Patty,FALSE,Charcoal,0.3,TRUE
27,Hotdog,FALSE,Propane,1.1,TRUE
27,Hotdog,FALSE,Propane,0.1,TRUE
27,Hotdog,FALSE,Propane,0.2,TRUE
27,Hotdog,FALSE,Propane,0.1,FALSE
27,Hotdog,FALSE,Charcoal,5.2,TRUE
27,Hotdog,FALSE,Charcoal,5.3,TRUE
27,Hotdog,FALSE,Charcoal,5.6,TRUE
27,Hotdog,FALSE,Charcoal,5,TRUE
27,Ground Beef Patty,FALSE,Propane,5,TRUE
27,Ground Beef Patty,FALSE,Propane,6.2,TRUE
27,Ground Beef Patty,FALSE,Charcoal,0.5,TRUE
27,Ground Beef Patty,FALSE,Charcoal,0.2,FALSE
27,Ground Beef Patty,FALSE,Charcoal,0.1,FALSE
27,Ground Beef Patty,FALSE,Charcoal,0.1,FALSE
27,Ground Beef Patty,FALSE,Propane,5,TRUE
27,Ground Beef Patty,FALSE,Propane,5.5,TRUE
28,Veggie Patty,TRUE,Propane,0.7,TRUE
28,Veggie Patty,TRUE,Propane,0.3,TRUE
28,Veggie Patty,TRUE,Propane,0.8,TRUE
28,Veggie Patty,TRUE,Propane,0.3,TRUE
28,Veggie Patty,TRUE,Charcoal,0,TRUE
28,Veggie Patty,TRUE,Charcoal,0,TRUE
28,Veggie Patty,TRUE,Charcoal,0,TRUE
28,Veggie Patty,TRUE,Charcoal,0.5,TRUE
28,Hotdog,TRUE,Propane,0.4,FALSE
28,Hotdog,TRUE,Propane,0.5,TRUE
28,Hotdog,TRUE,Propane,0.5,TRUE
28,Hotdog,TRUE,Propane,0,TRUE
28,Hotdog,TRUE,Charcoal,5.2,TRUE
28,Hotdog,TRUE,Charcoal,5,TRUE
28,Hotdog,TRUE,Charcoal,5.5,TRUE
28,Hotdog,TRUE,Charcoal,5.1,TRUE
28,Ground Beef Patty,TRUE,Propane,5.3,TRUE
28,Ground Beef Patty,TRUE,Propane,6.1,TRUE
28,Ground Beef Patty,TRUE,Charcoal,0.4,TRUE
28,Ground Beef Patty,TRUE,Charcoal,0,TRUE
28,Ground Beef Patty,TRUE,Charcoal,0.1,TRUE
28,Ground Beef Patty,TRUE,Charcoal,0.3,TRUE
28,Ground Beef Patty,TRUE,Propane,5.2,TRUE
28,Ground Beef Patty,TRUE,Propane,6,TRUE
29,Veggie Patty,FALSE,Propane,0.6,TRUE
29,Veggie Patty,FALSE,Propane,0.2,TRUE
29,Veggie Patty,FALSE,Propane,0.9,TRUE
29,Veggie Patty,FALSE,Propane,1.1,TRUE
29,Veggie Patty,FALSE,Charcoal,0.4,TRUE
29,Veggie Patty,FALSE,Charcoal,0.1,TRUE
29,Veggie Patty,FALSE,Charcoal,0,TRUE
29,Veggie Patty,FALSE,Charcoal,0.2,TRUE
29,Hotdog,FALSE,Propane,0.9,TRUE
29,Hotdog,FALSE,Propane,1,TRUE
29,Hotdog,FALSE,Propane,0,FALSE
29,Hotdog,FALSE,Propane,0.5,TRUE
29,Hotdog,FALSE,Charcoal,5.3,TRUE
29,Hotdog,FALSE,Charcoal,5.2,TRUE
29,Hotdog,FALSE,Charcoal,5,TRUE
29,Hotdog,FALSE,Charcoal,5.1,FALSE
29,Ground Beef Patty,FALSE,Propane,5.4,TRUE
29,Ground Beef Patty,FALSE,Propane,5.8,TRUE
29,Ground Beef Patty,FALSE,Charcoal,0.4,TRUE
29,Ground Beef Patty,FALSE,Charcoal,0.1,TRUE
29,Ground Beef Patty,FALSE,Charcoal,0,TRUE
29,Ground Beef Patty,FALSE,Charcoal,0.2,TRUE
29,Ground Beef Patty,FALSE,Propane,6.1,TRUE
29,Ground Beef Patty,FALSE,Propane,5.2,TRUE
30,Veggie Patty,TRUE,Propane,0.3,TRUE
30,Veggie Patty,TRUE,Propane,1,TRUE
30,Veggie Patty,TRUE,Propane,0.3,TRUE
30,Veggie Patty,TRUE,Propane,0.2,TRUE
30,Veggie Patty,TRUE,Charcoal,0.2,TRUE
30,Veggie Patty,TRUE,Charcoal,0.2,TRUE
30,Veggie Patty,TRUE,Charcoal,0.1,TRUE
30,Veggie Patty,TRUE,Charcoal,0.6,FALSE
30,Hotdog,TRUE,Propane,0.8,TRUE
30,Hotdog,TRUE,Propane,0.2,TRUE
30,Hotdog,TRUE,Propane,0.6,FALSE
30,Hotdog,TRUE,Propane,0.5,FALSE
30,Hotdog,TRUE,Charcoal,5.3,FALSE
30,Hotdog,TRUE,Charcoal,5,TRUE
30,Hotdog,TRUE,Charcoal,5,TRUE
30,Hotdog,TRUE,Charcoal,5.2,TRUE
30,Ground Beef Patty,TRUE,Propane,5.7,FALSE
30,Ground Beef Patty,TRUE,Propane,5.1,TRUE
30,Ground Beef Patty,TRUE,Charcoal,0.5,TRUE
30,Ground Beef Patty,TRUE,Charcoal,0.2,TRUE
30,Ground Beef Patty,TRUE,Charcoal,0,TRUE
30,Ground Beef Patty,TRUE,Charcoal,0,TRUE
30,Ground Beef Patty,TRUE,Propane,5.5,TRUE
30,Ground Beef Patty,TRUE,Propane,5.3,TRUE